                  epoch,         train/box_loss,         train/cls_loss,         train/dfl_loss,   metrics/precision(B),      metrics/recall(B),       metrics/mAP50(B),    metrics/mAP50-95(B),           val/box_loss,           val/cls_loss,           val/dfl_loss,                 lr/pg0,                 lr/pg1,                 lr/pg2
                      1,                 2.7849,                 43.998,                  1.952,                 0.0054,                0.12467,                0.00474,                0.00314,                 1.9507,                 26.109,                 1.7179,             7.5623e-05,             7.5623e-05,             7.5623e-05
                      2,                 2.4556,                 17.837,                 1.7498,                0.21447,                0.06115,                0.03422,                0.02596,                  1.921,                 15.364,                 1.7144,             0.00015299,             0.00015299,             0.00015299
                      3,                 2.1393,                 11.775,                 1.7315,                0.64295,                0.17353,                0.13994,                0.11041,                 1.8618,                 6.3987,                 1.7073,             0.00023004,             0.00023004,             0.00023004
                      4,                 2.2594,                 8.8968,                 1.7586,                0.42944,                0.20921,                0.17717,                0.13488,                 1.9112,                 4.5052,                 1.7131,             0.00023162,             0.00023162,             0.00023162
                      5,                 2.1869,                 6.8238,                 1.7587,                0.45852,                0.26988,                0.27906,                0.20646,                 1.9301,                 3.9448,                 1.7158,             0.00023115,             0.00023115,             0.00023115
                      6,                 2.1463,                 5.9203,                 1.7523,                0.39766,                0.35239,                0.30752,                 0.2428,                 1.6979,                 3.3443,                  1.682,             0.00023069,             0.00023069,             0.00023069
                      7,                 2.0539,                 4.9977,                 1.7343,                0.42731,                0.34078,                0.34894,                0.27787,                 1.6995,                 3.1403,                 1.6907,             0.00023023,             0.00023023,             0.00023023
                      8,                 1.9978,                 4.6003,                 1.7134,                0.47684,                0.39155,                0.35426,                0.28417,                 1.5879,                 2.8159,                 1.6613,             0.00022977,             0.00022977,             0.00022977
                      9,                 1.9762,                  4.217,                 1.7451,                0.67024,                0.34673,                0.39208,                0.32106,                 1.5401,                  2.715,                 1.6511,             0.00022931,             0.00022931,             0.00022931
                     10,                 1.9582,                 3.9041,                 1.6966,                0.48855,                 0.4028,                0.39394,                 0.3268,                 1.4656,                 2.9369,                  1.646,             0.00022885,             0.00022885,             0.00022885
                     11,                  1.844,                 3.5724,                 1.7128,                0.69826,                0.39498,                0.46054,                0.37778,                 1.4618,                 2.7313,                 1.6482,             0.00022839,             0.00022839,             0.00022839
                     12,                   1.87,                 3.2265,                 1.6901,                0.58133,                 0.4292,                0.45183,                0.37027,                 1.5095,                  2.491,                 1.6486,             0.00022793,             0.00022793,             0.00022793
                     13,                 1.7659,                 3.0651,                   1.71,                0.48962,                0.43917,                0.43469,                0.36268,                 1.4665,                 2.8032,                 1.6446,             0.00022746,             0.00022746,             0.00022746
                     14,                 1.8972,                 3.2553,                 1.6882,                0.76695,                0.35271,                0.45785,                0.37937,                 1.4597,                 2.4139,                 1.6327,               0.000227,               0.000227,               0.000227
                     15,                  1.827,                 2.9868,                 1.6999,                0.45335,                0.54833,                0.56431,                0.45331,                 1.5312,                 2.6039,                 1.6537,             0.00022654,             0.00022654,             0.00022654
                     16,                 1.8108,                 2.8204,                 1.7056,                0.49728,                0.62236,                0.57869,                0.48393,                 1.4568,                 2.2992,                 1.6457,             0.00022608,             0.00022608,             0.00022608
                     17,                 1.7534,                 2.6888,                 1.6935,                0.51255,                0.60224,                 0.5753,                0.47836,                 1.4208,                  2.397,                 1.6347,             0.00022562,             0.00022562,             0.00022562
                     18,                 1.8031,                  2.547,                  1.701,                0.60026,                0.56941,                 0.5667,                0.47899,                 1.4133,                 2.4884,                 1.6406,             0.00022516,             0.00022516,             0.00022516
                     19,                 1.7691,                  2.439,                  1.691,                0.53137,                0.59695,                0.56792,                0.47091,                 1.4225,                 2.4551,                 1.6429,              0.0002247,              0.0002247,              0.0002247
                     20,                 1.8117,                 2.4066,                 1.6763,                0.52812,                0.60164,                0.61068,                0.51391,                 1.4656,                 2.0822,                 1.6411,             0.00022423,             0.00022423,             0.00022423
                     21,                 1.8054,                 2.3642,                 1.6901,                0.44398,                0.71549,                0.60007,                0.49982,                 1.4539,                 2.0989,                 1.6375,             0.00022377,             0.00022377,             0.00022377
                     22,                 1.7075,                 2.2574,                 1.6901,                0.56088,                0.60764,                0.63679,                0.54882,                 1.2893,                 2.1095,                 1.6222,             0.00022331,             0.00022331,             0.00022331
                     23,                 1.7476,                 2.2541,                 1.6776,                0.60954,                0.55919,                0.65398,                0.55175,                 1.3525,                 2.0158,                  1.639,             0.00022285,             0.00022285,             0.00022285
                     24,                 1.6983,                  2.111,                 1.6658,                0.57296,                0.71766,                0.69063,                0.57614,                 1.4686,                  2.083,                 1.6317,             0.00022239,             0.00022239,             0.00022239
                     25,                 1.7732,                 2.1627,                 1.6773,                 0.5754,                0.61873,                0.61969,                0.52341,                 1.4633,                 2.0758,                 1.6373,             0.00022193,             0.00022193,             0.00022193
                     26,                 1.7702,                 2.0749,                 1.6617,                0.58947,                 0.5639,                0.61127,                0.51654,                 1.3989,                 2.5283,                  1.624,             0.00022147,             0.00022147,             0.00022147
                     27,                 1.6313,                 1.9475,                 1.6535,                 0.6171,                 0.6991,                0.67756,                0.56945,                 1.4031,                 1.8689,                 1.6272,             0.00022101,             0.00022101,             0.00022101
                     28,                 1.6937,                 1.8059,                 1.6776,                 0.4753,                0.64715,                0.64385,                0.55045,                  1.337,                 2.0451,                 1.6259,             0.00022054,             0.00022054,             0.00022054
                     29,                 1.6137,                 1.7305,                 1.6752,                0.51159,                0.70331,                0.62523,                0.52224,                 1.4212,                 1.9882,                 1.6424,             0.00022008,             0.00022008,             0.00022008
                     30,                 1.6526,                 1.7751,                 1.6624,                0.50367,                0.66199,                0.63804,                0.54642,                 1.3293,                 2.3093,                 1.6334,             0.00021962,             0.00021962,             0.00021962
                     31,                 1.6032,                 1.7368,                 1.6597,                0.63967,                0.61405,                0.60426,                0.51521,                 1.3916,                 2.1346,                 1.6329,             0.00021916,             0.00021916,             0.00021916
                     32,                 1.6474,                  1.665,                  1.671,                0.54551,                0.61636,                0.67512,                0.57784,                 1.3613,                 2.0098,                 1.6232,              0.0002187,              0.0002187,              0.0002187
                     33,                 1.5775,                 1.6189,                 1.6363,                0.52125,                0.73245,                0.67474,                0.58503,                 1.2671,                 2.0078,                 1.6171,             0.00021824,             0.00021824,             0.00021824
                     34,                 1.6191,                 1.6013,                 1.6458,                0.67158,                0.58317,                0.63179,                0.54066,                 1.3602,                  2.069,                 1.6324,             0.00021778,             0.00021778,             0.00021778
                     35,                  1.622,                 1.6925,                 1.6766,                0.69065,                0.55197,                0.67823,                0.58051,                 1.3917,                 1.9926,                  1.623,             0.00021731,             0.00021731,             0.00021731
                     36,                 1.5982,                 1.5815,                 1.6473,                0.54822,                0.64189,                0.65048,                0.54827,                 1.3038,                 1.9278,                 1.6246,             0.00021685,             0.00021685,             0.00021685
                     37,                 1.6364,                 1.4946,                 1.6616,                0.65603,                0.61205,                0.64355,                0.54052,                 1.2771,                 2.0461,                 1.6201,             0.00021639,             0.00021639,             0.00021639
                     38,                 1.6364,                 1.5391,                 1.6392,                0.67968,                0.60966,                0.61381,                0.51423,                 1.3868,                 2.3184,                 1.6335,             0.00021593,             0.00021593,             0.00021593
                     39,                 1.5763,                 1.5923,                  1.654,                0.64814,                0.67348,                0.68379,                0.57172,                 1.4374,                 1.8769,                 1.6334,             0.00021547,             0.00021547,             0.00021547
                     40,                  1.547,                 1.4669,                 1.6575,                0.78702,                0.59844,                0.68154,                0.57296,                 1.3685,                 2.0343,                 1.6239,             0.00021501,             0.00021501,             0.00021501
                     41,                 1.5665,                 1.3842,                 1.6651,                0.66634,                0.63598,                0.69747,                0.58008,                 1.4156,                 1.8626,                 1.6314,             0.00021455,             0.00021455,             0.00021455
                     42,                 1.5138,                 1.4158,                 1.6706,                0.55889,                0.67632,                 0.6722,                0.57483,                 1.2947,                 1.7035,                 1.6123,             0.00021409,             0.00021409,             0.00021409
                     43,                 1.4701,                 1.3948,                 1.6508,                0.64208,                0.60123,                0.68596,                0.58298,                 1.3019,                 1.8461,                 1.6208,             0.00021362,             0.00021362,             0.00021362
                     44,                 1.5293,                 1.3514,                 1.6455,                0.74626,                0.62267,                0.67721,                0.57751,                 1.3174,                 1.8205,                 1.6346,             0.00021316,             0.00021316,             0.00021316
                     45,                 1.5223,                 1.3965,                 1.6712,                0.65675,                0.67559,                0.69904,                0.59513,                  1.332,                 1.8094,                 1.6259,              0.0002127,              0.0002127,              0.0002127
                     46,                 1.5389,                 1.3803,                 1.6556,                  0.608,                0.63442,                0.69529,                0.59293,                 1.3347,                 1.9219,                 1.6298,             0.00021224,             0.00021224,             0.00021224
                     47,                 1.6365,                  1.418,                 1.6545,                0.65672,                0.67601,                0.67873,                 0.5672,                 1.3734,                 1.9747,                  1.618,             0.00021178,             0.00021178,             0.00021178
                     48,                 1.5154,                 1.3142,                 1.6566,                0.75954,                0.62822,                0.71125,                0.62374,                 1.2639,                  1.786,                  1.613,             0.00021132,             0.00021132,             0.00021132
                     49,                 1.5543,                 1.3377,                 1.6357,                0.60482,                0.64501,                0.64726,                0.55515,                 1.3167,                  2.084,                 1.6246,             0.00021086,             0.00021086,             0.00021086
                     50,                   1.48,                 1.3139,                 1.6282,                0.65858,                0.57579,                0.69195,                0.59967,                 1.3263,                 1.9883,                 1.6158,             0.00021039,             0.00021039,             0.00021039
                     51,                 1.5221,                 1.2643,                 1.6454,                0.67697,                0.69072,                0.67345,                0.58375,                 1.2499,                 1.7756,                 1.6104,             0.00020993,             0.00020993,             0.00020993
                     52,                 1.5306,                 1.2597,                 1.6299,                0.65687,                0.63991,                0.67208,                0.57769,                 1.2788,                 1.9026,                 1.6161,             0.00020947,             0.00020947,             0.00020947
                     53,                 1.5066,                 1.2457,                 1.6501,                0.64335,                0.61471,                0.67798,                0.57329,                  1.352,                 2.0056,                 1.6252,             0.00020901,             0.00020901,             0.00020901
                     54,                 1.4979,                 1.2833,                 1.6474,                 0.6593,                 0.5796,                0.65356,                0.55016,                 1.3896,                   2.02,                 1.6272,             0.00020855,             0.00020855,             0.00020855
                     55,                 1.4899,                 1.1927,                 1.6235,                0.64805,                0.68581,                0.72819,                0.63005,                  1.293,                  1.855,                 1.6149,             0.00020809,             0.00020809,             0.00020809
                     56,                 1.4741,                 1.1438,                 1.6251,                 0.7452,                0.63096,                0.74434,                0.63655,                 1.3636,                 1.7556,                 1.6193,             0.00020763,             0.00020763,             0.00020763
                     57,                 1.4636,                 1.1631,                 1.6534,                0.61256,                 0.7021,                0.72242,                0.62445,                 1.3506,                 1.8566,                 1.6222,             0.00020716,             0.00020716,             0.00020716
                     58,                 1.4658,                 1.1903,                 1.6316,                0.67089,                0.65585,                0.71278,                 0.6152,                 1.3016,                  1.811,                 1.6231,              0.0002067,              0.0002067,              0.0002067
                     59,                 1.5108,                 1.1849,                 1.6269,                0.66699,                0.66888,                0.69287,                0.59876,                 1.2834,                 1.7835,                 1.6115,             0.00020624,             0.00020624,             0.00020624
                     60,                 1.4886,                 1.1488,                 1.6245,                0.64044,                0.66238,                0.69577,                0.60439,                 1.2492,                 1.7885,                 1.6012,             0.00020578,             0.00020578,             0.00020578
                     61,                 1.4133,                 1.1111,                 1.6139,                0.68046,                 0.6501,                0.68577,                0.59486,                  1.273,                 1.7878,                 1.6083,             0.00020532,             0.00020532,             0.00020532
                     62,                 1.4633,                 1.1316,                 1.6236,                0.59186,                0.69664,                0.67945,                0.58491,                 1.3079,                  1.926,                 1.6147,             0.00020486,             0.00020486,             0.00020486
                     63,                  1.461,                 1.1254,                 1.6407,                0.63909,                0.73959,                0.69651,                0.60688,                 1.2791,                 1.9072,                 1.6085,              0.0002044,              0.0002044,              0.0002044
                     64,                 1.4903,                 1.1785,                 1.6263,                0.62673,                0.69968,                0.69294,                0.60027,                 1.2668,                 1.7744,                 1.6028,             0.00020394,             0.00020394,             0.00020394
                     65,                 1.4854,                 1.1906,                 1.6458,                0.73106,                0.68196,                0.66923,                0.57973,                 1.2905,                 2.0169,                 1.6117,             0.00020347,             0.00020347,             0.00020347
                     66,                 1.4335,                 1.0973,                 1.6317,                0.71991,                0.70851,                0.73896,                0.63941,                 1.2539,                 1.6387,                 1.6063,             0.00020301,             0.00020301,             0.00020301
                     67,                 1.3907,                0.99629,                 1.6363,                0.66273,                0.69438,                0.69618,                0.61031,                 1.2323,                 1.6522,                 1.6017,             0.00020255,             0.00020255,             0.00020255
                     68,                 1.4464,                 1.0804,                 1.6291,                0.69691,                0.59629,                0.69304,                0.60851,                 1.2404,                 1.8299,                 1.5998,             0.00020209,             0.00020209,             0.00020209
                     69,                 1.4139,                 1.0214,                 1.6236,                0.73283,                0.77467,                0.76314,                0.66882,                 1.3049,                 1.8419,                 1.6109,             0.00020163,             0.00020163,             0.00020163
                     70,                 1.4409,                 1.0922,                 1.6342,                0.66624,                0.68582,                0.68745,                 0.6001,                 1.2502,                 1.9193,                 1.6043,             0.00020117,             0.00020117,             0.00020117
                     71,                 1.4297,                 1.0912,                 1.6393,                 0.6543,                0.72286,                0.71167,                0.61766,                 1.3228,                 2.0536,                 1.6085,             0.00020071,             0.00020071,             0.00020071
                     72,                 1.4037,                 1.0498,                  1.631,                0.70701,                0.72413,                 0.6769,                0.57915,                 1.3032,                 1.7844,                 1.6107,             0.00020024,             0.00020024,             0.00020024
                     73,                 1.4181,                 1.0322,                 1.6323,                0.63645,                 0.7251,                0.75328,                0.65264,                 1.3171,                 1.7055,                 1.6104,             0.00019978,             0.00019978,             0.00019978
                     74,                 1.3841,                 1.0157,                 1.6301,                 0.7714,                 0.5934,                0.66842,                 0.5739,                 1.3084,                 1.8314,                 1.6145,             0.00019932,             0.00019932,             0.00019932
                     75,                 1.3421,                0.99908,                 1.6438,                0.78977,                 0.5603,                0.67648,                0.58383,                 1.2943,                 1.8926,                 1.6136,             0.00019886,             0.00019886,             0.00019886
                     76,                 1.3818,                0.99892,                 1.6531,                0.77235,                0.58138,                0.65171,                 0.5643,                 1.2979,                 1.8862,                 1.6121,              0.0001984,              0.0001984,              0.0001984
                     77,                 1.3277,                0.96672,                 1.6343,                0.64553,                0.64359,                0.66035,                0.57733,                 1.2664,                  1.758,                 1.6047,             0.00019794,             0.00019794,             0.00019794
                     78,                 1.3755,                0.93566,                 1.6333,                0.76984,                0.53686,                0.65734,                0.56983,                   1.32,                 1.8047,                 1.6144,             0.00019748,             0.00019748,             0.00019748
                     79,                 1.3925,                 1.0006,                 1.6174,                 0.6947,                 0.6479,                0.68447,                0.59708,                 1.2762,                 1.7235,                 1.6113,             0.00019702,             0.00019702,             0.00019702
                     80,                 1.3017,                0.92819,                 1.6174,                0.73183,                0.63213,                 0.6731,                0.58589,                 1.2573,                 1.8628,                 1.6079,             0.00019655,             0.00019655,             0.00019655
                     81,                 1.3473,                0.97316,                 1.6244,                0.64406,                0.67417,                0.69516,                0.61185,                 1.2319,                 1.8659,                 1.6039,             0.00019609,             0.00019609,             0.00019609
                     82,                  1.417,                0.96945,                 1.6176,                0.71392,                0.66039,                0.70031,                0.60883,                 1.2427,                 1.8606,                 1.6098,             0.00019563,             0.00019563,             0.00019563
                     83,                 1.3281,                0.89597,                 1.6185,                0.71675,                0.63201,                0.67341,                0.59437,                 1.2037,                 1.9503,                 1.6078,             0.00019517,             0.00019517,             0.00019517
                     84,                 1.3568,                0.97135,                 1.6289,                0.72022,                0.56069,                0.66639,                0.57091,                 1.3074,                 1.9075,                  1.615,             0.00019471,             0.00019471,             0.00019471
                     85,                  1.356,                0.95403,                 1.6325,                0.76964,                0.65998,                0.73922,                0.64557,                 1.3182,                 1.7214,                 1.6218,             0.00019425,             0.00019425,             0.00019425
                     86,                 1.3747,                0.92583,                 1.6236,                0.71073,                0.64876,                0.69064,                0.59705,                 1.2299,                  1.995,                 1.6141,             0.00019379,             0.00019379,             0.00019379
                     87,                 1.3404,                0.93337,                 1.6104,                0.80013,                0.58286,                0.72805,                0.65103,                  1.212,                 1.8577,                  1.613,             0.00019332,             0.00019332,             0.00019332
                     88,                 1.3311,                0.87497,                 1.6323,                0.68953,                0.70664,                0.73198,                0.64713,                 1.2155,                 1.8259,                 1.6083,             0.00019286,             0.00019286,             0.00019286
                     89,                 1.3784,                0.95487,                 1.6079,                0.74548,                0.66058,                0.73253,                 0.6498,                 1.2003,                 2.0794,                 1.6011,              0.0001924,              0.0001924,              0.0001924
                     90,                 1.3162,                 0.9252,                 1.6116,                0.64519,                0.78172,                0.74298,                0.66299,                 1.1873,                 1.6092,                 1.5982,             0.00019194,             0.00019194,             0.00019194
                     91,                 1.3187,                0.87416,                 1.6325,                0.77779,                0.65045,                0.73562,                0.65513,                   1.21,                  1.719,                 1.6035,             0.00019148,             0.00019148,             0.00019148
                     92,                 1.3363,                 0.9373,                 1.6186,                0.75998,                0.64388,                0.73273,                0.63954,                 1.2651,                 1.5795,                 1.6068,             0.00019102,             0.00019102,             0.00019102
                     93,                 1.3187,                0.88112,                 1.6149,                0.82878,                0.64157,                0.75774,                0.66541,                 1.2535,                 1.7031,                 1.6115,             0.00019056,             0.00019056,             0.00019056
                     94,                 1.3072,                0.87606,                 1.6089,                 0.6984,                0.62876,                0.71976,                0.63051,                  1.237,                 1.8449,                  1.606,              0.0001901,              0.0001901,              0.0001901
                     95,                 1.2823,                0.88786,                 1.5915,                0.70432,                0.65299,                0.69342,                0.59279,                 1.2838,                 1.8832,                 1.6111,             0.00018963,             0.00018963,             0.00018963
                     96,                 1.3249,                0.87133,                 1.6039,                0.77611,                 0.6155,                0.69078,                0.60079,                 1.3165,                 1.9807,                 1.6174,             0.00018917,             0.00018917,             0.00018917
                     97,                  1.345,                0.96879,                 1.6114,                0.65565,                0.77764,                0.77759,                0.68238,                 1.2609,                 1.5943,                 1.6052,             0.00018871,             0.00018871,             0.00018871
                     98,                 1.3211,                0.88945,                 1.5985,                0.66457,                0.75218,                0.71504,                 0.6143,                  1.289,                 1.8091,                 1.6116,             0.00018825,             0.00018825,             0.00018825
                     99,                 1.2856,                0.89885,                 1.5977,                0.72858,                0.73067,                0.73969,                0.64267,                 1.3199,                 1.6895,                 1.6153,             0.00018779,             0.00018779,             0.00018779
                    100,                 1.2598,                0.83637,                  1.606,                0.75529,                0.68712,                0.75086,                  0.655,                 1.2707,                  1.665,                 1.6118,             0.00018733,             0.00018733,             0.00018733
                    101,                 1.3237,                0.85975,                 1.6109,                0.67269,                0.75236,                0.71879,                0.63125,                 1.2599,                 1.7832,                 1.6122,             0.00018687,             0.00018687,             0.00018687
                    102,                 1.3058,                0.92944,                 1.5955,                0.61677,                0.74743,                0.72337,                 0.6381,                 1.2434,                 1.8457,                 1.6101,              0.0001864,              0.0001864,              0.0001864
                    103,                 1.3003,                0.87513,                 1.6118,                0.61431,                0.74004,                 0.6991,                0.62196,                 1.1913,                 1.8703,                 1.6024,             0.00018594,             0.00018594,             0.00018594
                    104,                 1.3211,                 0.9135,                 1.6096,                0.61789,                   0.72,                0.68708,                0.61086,                 1.2051,                 1.9864,                 1.6026,             0.00018548,             0.00018548,             0.00018548
                    105,                 1.3518,                0.94038,                 1.6196,                0.74157,                0.66983,                0.69832,                0.61068,                 1.2268,                 1.8527,                 1.6045,             0.00018502,             0.00018502,             0.00018502
                    106,                 1.2982,                0.86202,                 1.6105,                0.74854,                0.69623,                 0.7423,                0.65489,                 1.2402,                 1.7684,                 1.6075,             0.00018456,             0.00018456,             0.00018456
                    107,                 1.2606,                 0.8235,                 1.6048,                0.67097,                0.68948,                 0.7616,                0.66339,                 1.2739,                 1.8979,                 1.6031,              0.0001841,              0.0001841,              0.0001841
                    108,                 1.2747,                0.82927,                 1.5977,                0.74311,                 0.6682,                0.71161,                0.62028,                 1.2447,                 1.8206,                 1.6014,             0.00018364,             0.00018364,             0.00018364
                    109,                 1.2595,                0.82715,                 1.5992,                0.65169,                0.67048,                0.72051,                0.63822,                 1.2169,                 1.8177,                 1.6005,             0.00018318,             0.00018318,             0.00018318
                    110,                 1.2359,                0.82877,                 1.6042,                0.63727,                0.69922,                0.73667,                0.64657,                 1.2183,                  1.618,                 1.5987,             0.00018271,             0.00018271,             0.00018271
                    111,                 1.2853,                0.81303,                 1.6198,                0.69894,                 0.7485,                0.75769,                0.66496,                 1.2457,                 1.6626,                 1.6077,             0.00018225,             0.00018225,             0.00018225
                    112,                 1.2236,                0.81769,                 1.5995,                0.75994,                0.64368,                0.71882,                0.62639,                 1.2883,                 1.7073,                 1.6026,             0.00018179,             0.00018179,             0.00018179
                    113,                 1.1724,                0.76205,                 1.6035,                0.70298,                0.65366,                0.71797,                0.63456,                 1.2255,                 1.7868,                 1.5944,             0.00018133,             0.00018133,             0.00018133
                    114,                 1.2778,                0.82235,                 1.6236,                0.66431,                0.68684,                0.70871,                0.61847,                 1.2673,                 1.7833,                 1.6069,             0.00018087,             0.00018087,             0.00018087
                    115,                 1.2367,                0.77586,                 1.6146,                 0.6738,                0.70921,                0.73498,                0.65046,                 1.2409,                 1.8298,                 1.6095,             0.00018041,             0.00018041,             0.00018041
                    116,                 1.2931,                0.82512,                 1.6012,                0.64207,                0.71506,                0.68535,                0.59372,                  1.262,                 1.8577,                 1.6088,             0.00017995,             0.00017995,             0.00017995
                    117,                 1.3088,                0.82676,                 1.6129,                0.65294,                0.74951,                0.69856,                0.60454,                 1.2423,                 1.6898,                 1.6091,             0.00017948,             0.00017948,             0.00017948
                    118,                 1.2287,                 0.8093,                 1.6085,                0.69118,                0.68768,                0.69427,                0.60934,                 1.2224,                 1.9427,                 1.6069,             0.00017902,             0.00017902,             0.00017902
                    119,                 1.2374,                0.82881,                 1.6019,                0.74005,                  0.693,                0.70507,                0.61695,                 1.2407,                 1.7313,                 1.6031,             0.00017856,             0.00017856,             0.00017856
                    120,                 1.2036,                0.79395,                 1.5911,                0.73263,                0.66583,                0.70585,                 0.6145,                 1.2423,                 1.5677,                 1.6042,              0.0001781,              0.0001781,              0.0001781
                    121,                 1.1681,                0.75771,                 1.6137,                0.74926,                0.68629,                0.69973,                0.61113,                 1.1955,                 1.8396,                 1.5974,             0.00017764,             0.00017764,             0.00017764
                    122,                 1.1597,                0.74308,                  1.626,                0.73288,                0.62236,                0.68623,                0.60113,                 1.1968,                 1.7575,                 1.5958,             0.00017718,             0.00017718,             0.00017718
                    123,                 1.2254,                0.76827,                 1.6002,                0.62349,                0.66894,                0.71513,                0.62604,                 1.2367,                 1.6974,                 1.5995,             0.00017672,             0.00017672,             0.00017672
                    124,                 1.2118,                 0.7751,                 1.6074,                0.62109,                0.67842,                0.69735,                0.61363,                 1.2067,                 1.7905,                 1.5973,             0.00017626,             0.00017626,             0.00017626
                    125,                  1.247,                0.75909,                  1.611,                 0.6601,                0.71338,                0.67672,                0.59213,                 1.2297,                  1.895,                 1.6016,             0.00017579,             0.00017579,             0.00017579
                    126,                 1.2097,                0.75656,                 1.6086,                 0.6666,                0.66621,                0.71956,                0.62912,                 1.2209,                 2.0489,                 1.6046,             0.00017533,             0.00017533,             0.00017533
                    127,                 1.1891,                0.77055,                 1.6063,                0.65839,                0.74388,                0.69348,                0.60098,                 1.3297,                 1.8692,                 1.6141,             0.00017487,             0.00017487,             0.00017487
                    128,                 1.2033,                0.76343,                 1.6116,                0.67531,                0.71671,                0.70962,                0.61379,                 1.2965,                  1.705,                 1.6109,             0.00017441,             0.00017441,             0.00017441
                    129,                 1.2906,                0.76496,                 1.6031,                  0.695,                0.67606,                0.69484,                 0.6039,                 1.2488,                 1.7876,                 1.6059,             0.00017395,             0.00017395,             0.00017395
                    130,                 1.2224,                0.76672,                 1.6175,                0.60898,                 0.7091,                0.68879,                0.58882,                 1.2918,                 1.9107,                 1.6093,             0.00017349,             0.00017349,             0.00017349
                    131,                 1.2021,                 0.6953,                  1.613,                0.72875,                0.61885,                0.65216,                 0.5674,                 1.2111,                 1.8566,                 1.6032,             0.00017303,             0.00017303,             0.00017303
                    132,                 1.1718,                0.73922,                 1.5975,                0.73299,                0.65092,                  0.642,                 0.5539,                 1.2356,                 1.8909,                 1.6005,             0.00017256,             0.00017256,             0.00017256
                    133,                 1.1686,                0.78197,                 1.5911,                0.72538,                0.65633,                0.67238,                0.58747,                 1.2237,                 1.7807,                 1.5978,              0.0001721,              0.0001721,              0.0001721
                    134,                 1.1347,                0.72181,                  1.584,                0.63406,                0.66894,                0.69259,                0.60951,                 1.1893,                 2.1207,                 1.6007,             0.00017164,             0.00017164,             0.00017164
                    135,                 1.1989,                 0.7254,                 1.5962,                  0.656,                0.67202,                 0.6871,                0.60022,                 1.2251,                 1.7571,                 1.6035,             0.00017118,             0.00017118,             0.00017118
                    136,                 1.2135,                0.76534,                 1.6186,                0.63437,                0.68402,                0.67116,                0.58717,                 1.2515,                 1.8769,                 1.6077,             0.00017072,             0.00017072,             0.00017072
                    137,                 1.2022,                 0.7479,                 1.6145,                0.58817,                0.71778,                0.67844,                0.59234,                 1.2486,                 1.8264,                 1.6081,             0.00017026,             0.00017026,             0.00017026
                    138,                 1.1909,                0.74793,                 1.6023,                0.69405,                0.73224,                0.73585,                0.65371,                 1.2026,                 1.6523,                 1.6022,              0.0001698,              0.0001698,              0.0001698
                    139,                 1.1832,                0.72756,                 1.6013,                 0.7152,                0.70095,                0.78327,                0.69284,                 1.2186,                 1.5907,                 1.5954,             0.00016934,             0.00016934,             0.00016934
                    140,                 1.1936,                0.74282,                 1.6116,                0.70804,                 0.7139,                 0.7531,                0.66299,                 1.2315,                 1.6551,                 1.5977,             0.00016887,             0.00016887,             0.00016887
                    141,                 1.1703,                 0.8031,                 1.5908,                0.75171,                0.64639,                0.69685,                0.60418,                 1.2776,                 1.7401,                 1.6002,             0.00016841,             0.00016841,             0.00016841
                    142,                 1.2076,                0.78614,                 1.5982,                0.75933,                0.63633,                0.70799,                0.62365,                  1.193,                 1.7183,                 1.6012,             0.00016795,             0.00016795,             0.00016795
                    143,                  1.201,                0.73668,                 1.5899,                0.65398,                0.71247,                0.70321,                0.62031,                 1.2001,                 1.8173,                 1.6031,             0.00016749,             0.00016749,             0.00016749
                    144,                  1.191,                0.74165,                 1.6175,                0.75821,                0.75458,                0.71953,                0.63224,                 1.1828,                 1.5688,                 1.5958,             0.00016703,             0.00016703,             0.00016703
                    145,                 1.1151,                0.72256,                 1.5915,                0.76987,                0.68431,                0.77376,                 0.6894,                 1.1848,                 1.6125,                 1.5991,             0.00016657,             0.00016657,             0.00016657
                    146,                 1.1686,                 0.7201,                 1.6076,                0.66662,                0.74763,                0.76042,                0.66657,                 1.1905,                 1.7313,                 1.5978,             0.00016611,             0.00016611,             0.00016611
                    147,                 1.1226,                0.66942,                 1.5948,                0.73106,                0.66907,                0.73121,                0.64896,                 1.1962,                 1.7533,                 1.5989,             0.00016564,             0.00016564,             0.00016564
                    148,                 1.1112,                0.65674,                 1.5978,                0.66064,                0.62337,                0.71258,                0.63011,                 1.1931,                 1.7824,                 1.5962,             0.00016518,             0.00016518,             0.00016518
                    149,                 1.1483,                0.72302,                 1.6045,                0.65319,                0.69209,                0.73677,                0.65238,                 1.1886,                 1.8457,                 1.5973,             0.00016472,             0.00016472,             0.00016472
                    150,                 1.1789,                0.72193,                 1.6182,                0.75515,                0.69354,                0.70308,                0.62317,                 1.1824,                 1.6291,                 1.5965,             0.00016426,             0.00016426,             0.00016426
                    151,                 1.0981,                0.64396,                 1.6024,                0.79352,                0.65372,                0.70127,                0.61479,                 1.1738,                 1.7507,                 1.5947,              0.0001638,              0.0001638,              0.0001638
                    152,                 1.0907,                0.67761,                 1.6075,                0.60508,                0.71916,                0.70052,                0.60998,                 1.2099,                 1.7518,                 1.6036,             0.00016334,             0.00016334,             0.00016334
                    153,                 1.1075,                0.70931,                 1.5814,                0.61806,                0.73549,                0.73766,                0.64824,                 1.1922,                 1.7317,                  1.604,             0.00016288,             0.00016288,             0.00016288
                    154,                 1.0986,                0.69655,                 1.5823,                0.67768,                0.75918,                0.73821,                0.64961,                 1.1701,                 1.5915,                 1.5961,             0.00016241,             0.00016241,             0.00016241
                    155,                 1.1229,                0.69905,                 1.5898,                0.63755,                0.68617,                 0.7111,                0.63213,                 1.1617,                 1.6764,                 1.5942,             0.00016195,             0.00016195,             0.00016195
                    156,                 1.1642,                0.69616,                 1.5999,                0.73688,                0.66569,                0.71286,                0.62313,                 1.1983,                  1.668,                  1.603,             0.00016149,             0.00016149,             0.00016149
                    157,                  1.107,                 0.6812,                 1.5892,                0.73227,                0.68652,                0.73543,                0.64674,                 1.2209,                 1.7214,                 1.5979,             0.00016103,             0.00016103,             0.00016103
                    158,                  1.104,                0.64242,                 1.5752,                0.74307,                0.61787,                0.67293,                0.58955,                 1.2225,                 1.7823,                 1.5999,             0.00016057,             0.00016057,             0.00016057
                    159,                 1.1261,                0.67267,                 1.5823,                0.70899,                0.63228,                0.71606,                0.63522,                 1.2252,                 1.7458,                 1.6023,             0.00016011,             0.00016011,             0.00016011
                    160,                 1.0914,                0.69587,                 1.5962,                 0.6309,                0.67671,                0.70459,                0.62142,                 1.2056,                 1.7721,                 1.6077,             0.00015965,             0.00015965,             0.00015965
                    161,                 1.1077,                0.67373,                 1.6024,                0.64733,                0.63948,                0.70937,                0.61724,                 1.2465,                 1.7393,                 1.6025,             0.00015919,             0.00015919,             0.00015919
                    162,                 1.1412,                0.66056,                 1.6006,                0.56813,                0.73406,                0.70597,                0.61691,                 1.2213,                 1.9261,                 1.6028,             0.00015872,             0.00015872,             0.00015872
                    163,                 1.1127,                0.66007,                 1.5853,                 0.6688,                0.74088,                0.75079,                 0.6615,                 1.1958,                 1.6076,                 1.6008,             0.00015826,             0.00015826,             0.00015826
                    164,                 1.1169,                 0.7117,                 1.5754,                0.65269,                 0.7097,                0.75013,                0.66752,                 1.1987,                 1.6751,                 1.6016,              0.0001578,              0.0001578,              0.0001578
                    165,                 1.1358,                0.67848,                  1.614,                 0.6703,                0.72374,                 0.7357,                0.64902,                 1.1894,                 1.8821,                 1.6006,             0.00015734,             0.00015734,             0.00015734
                    166,                 1.0514,                0.62315,                  1.601,                0.68138,                0.74795,                0.74989,                0.66742,                 1.1642,                 1.6934,                 1.5971,             0.00015688,             0.00015688,             0.00015688
                    167,                 1.0913,                0.71824,                 1.5915,                0.72965,                0.64163,                 0.7193,                0.63324,                 1.2166,                 1.8603,                 1.6063,             0.00015642,             0.00015642,             0.00015642
                    168,                 1.1144,                0.64243,                 1.5967,                0.71961,                0.63891,                0.71218,                 0.6277,                  1.224,                  1.784,                 1.6009,             0.00015596,             0.00015596,             0.00015596
                    169,                 1.1103,                0.71665,                 1.5963,                0.72268,                 0.6843,                0.69149,                0.60834,                 1.2072,                 1.8069,                 1.5984,             0.00015549,             0.00015549,             0.00015549
                    170,                 1.1059,                 0.6806,                 1.5987,                0.73259,                 0.6577,                0.69696,                0.61872,                 1.1648,                 1.7729,                 1.5953,             0.00015503,             0.00015503,             0.00015503
                    171,                  1.132,                0.69898,                 1.5871,                0.65932,                0.66227,                0.69974,                0.62015,                 1.2039,                 1.7167,                 1.5993,             0.00015457,             0.00015457,             0.00015457
                    172,                 1.1257,                0.68297,                 1.5854,                0.61836,                0.70284,                 0.6914,                0.61231,                 1.2171,                 1.8182,                 1.6058,             0.00015411,             0.00015411,             0.00015411
                    173,                 1.0607,                0.69229,                  1.589,                0.70322,                0.61647,                0.67726,                 0.5945,                 1.2207,                 1.8244,                 1.5963,             0.00015365,             0.00015365,             0.00015365
                    174,                 1.0951,                0.67131,                 1.6113,                0.67424,                0.69141,                0.69137,                0.61371,                 1.1916,                 1.8058,                 1.5976,             0.00015319,             0.00015319,             0.00015319
                    175,                 1.0777,                0.64523,                 1.6016,                0.60662,                0.75021,                0.70514,                0.62254,                 1.2034,                  1.793,                 1.5986,             0.00015273,             0.00015273,             0.00015273
                    176,                 1.0868,                0.64694,                 1.5945,                0.61282,                0.73815,                  0.699,                0.62069,                 1.2134,                 1.8465,                 1.5994,             0.00015227,             0.00015227,             0.00015227
                    177,                 1.0469,                0.66243,                 1.5936,                0.63619,                0.71705,                0.72562,                0.64389,                  1.194,                 1.7336,                 1.5951,              0.0001518,              0.0001518,              0.0001518
                    178,                 1.0391,                 0.5988,                 1.5864,                 0.6867,                0.64291,                0.72493,                0.64165,                  1.185,                 1.5958,                 1.5972,             0.00015134,             0.00015134,             0.00015134
                    179,                  1.043,                0.58999,                 1.5811,                0.67009,                0.73632,                0.73051,                0.64804,                 1.1869,                 1.5473,                 1.5945,             0.00015088,             0.00015088,             0.00015088
                    180,                 1.0757,                 0.6287,                 1.5917,                0.64739,                0.73324,                0.72115,                0.63344,                  1.167,                 1.5579,                 1.5936,             0.00015042,             0.00015042,             0.00015042
                    181,                 1.1117,                0.67792,                  1.597,                0.63638,                0.71251,                0.72977,                0.64784,                  1.188,                 1.6689,                 1.5963,             0.00014996,             0.00014996,             0.00014996
                    182,                 1.0161,                0.58603,                 1.5736,                0.69127,                0.67279,                0.73508,                0.65039,                 1.2083,                 1.6583,                 1.5993,              0.0001495,              0.0001495,              0.0001495
                    183,                  1.042,                0.61845,                  1.593,                0.62564,                0.74036,                0.69938,                0.61665,                 1.1655,                 1.7083,                 1.5952,             0.00014904,             0.00014904,             0.00014904
                    184,                 1.0231,                0.61288,                 1.5973,                0.56993,                0.75244,                0.70796,                0.62008,                 1.1821,                 1.7518,                 1.5952,             0.00014857,             0.00014857,             0.00014857
                    185,                 1.0767,                0.62869,                 1.5917,                0.64533,                 0.6603,                  0.711,                0.62652,                  1.187,                 1.9175,                 1.5969,             0.00014811,             0.00014811,             0.00014811
                    186,                  1.026,                0.63573,                 1.5683,                0.75006,                0.62448,                0.71736,                0.63851,                 1.1717,                 1.6899,                 1.5927,             0.00014765,             0.00014765,             0.00014765
                    187,                 1.0488,                0.62905,                 1.5765,                0.67075,                0.65744,                0.70676,                0.62287,                 1.2006,                 1.7116,                 1.5979,             0.00014719,             0.00014719,             0.00014719
                    188,                 1.0323,                0.62373,                 1.5789,                0.74076,                0.64339,                0.71228,                0.62391,                 1.1807,                 1.8206,                 1.5944,             0.00014673,             0.00014673,             0.00014673
                    189,                 1.0483,                0.65003,                 1.5695,                0.75389,                0.62901,                0.72769,                0.64171,                 1.1892,                 1.7584,                 1.5949,             0.00014627,             0.00014627,             0.00014627
                    190,                 1.0754,                0.68746,                 1.5948,                0.62096,                0.69945,                0.69856,                 0.6173,                 1.1825,                 1.7006,                 1.5958,             0.00014581,             0.00014581,             0.00014581
                    191,                 1.0803,                0.66756,                 1.5951,                0.70562,                0.65208,                0.70703,                 0.6213,                 1.2005,                 1.8045,                 1.5968,             0.00014535,             0.00014535,             0.00014535
                    192,                 1.0368,                0.63594,                 1.5855,                0.72446,                0.62271,                0.71564,                0.63673,                 1.1782,                  1.766,                  1.598,             0.00014488,             0.00014488,             0.00014488
                    193,                 1.0199,                0.57885,                 1.5898,                0.59645,                0.68978,                0.71502,                0.63676,                 1.1612,                 1.8443,                 1.5948,             0.00014442,             0.00014442,             0.00014442
                    194,                 1.0232,                0.57922,                 1.5897,                0.57251,                0.66774,                0.69651,                0.61462,                 1.1834,                 1.8991,                 1.5981,             0.00014396,             0.00014396,             0.00014396
                    195,                 1.0382,                0.60622,                 1.5833,                0.74504,                0.59378,                0.68363,                0.60342,                 1.1806,                 1.8793,                 1.5978,              0.0001435,              0.0001435,              0.0001435
                    196,                 0.9864,                0.59645,                  1.578,                0.71008,                0.58882,                 0.6977,                0.61254,                 1.2085,                 1.8047,                 1.6013,             0.00014304,             0.00014304,             0.00014304
                    197,                 1.0035,                0.61279,                 1.5835,                 0.6056,                0.68092,                0.69947,                0.61606,                 1.1986,                  1.767,                 1.5998,             0.00014258,             0.00014258,             0.00014258
                    198,                  1.091,                0.62198,                 1.5925,                0.54644,                0.71405,                 0.7152,                0.63141,                 1.1843,                 1.6953,                 1.5936,             0.00014212,             0.00014212,             0.00014212
                    199,                0.99901,                0.58146,                 1.5744,                0.74201,                0.56639,                0.68547,                0.60888,                 1.1408,                  1.693,                 1.5902,             0.00014165,             0.00014165,             0.00014165
                    200,                 1.0338,                0.61268,                 1.5831,                0.63628,                0.68378,                0.68309,                0.60559,                 1.1433,                 1.7362,                 1.5965,             0.00014119,             0.00014119,             0.00014119
                    201,                 1.0716,                0.58939,                 1.5917,                0.58275,                0.70972,                0.72045,                0.64232,                 1.1552,                 1.7991,                 1.5946,             0.00014073,             0.00014073,             0.00014073
                    202,                 0.9856,                0.58887,                 1.5872,                0.56939,                0.67729,                0.72316,                0.63796,                 1.1484,                 1.8352,                 1.5942,             0.00014027,             0.00014027,             0.00014027
                    203,                0.99413,                0.55688,                 1.5834,                 0.6209,                0.68324,                0.72579,                0.64079,                 1.1681,                 1.7622,                 1.5938,             0.00013981,             0.00013981,             0.00013981
                    204,                 1.0321,                0.60292,                 1.5964,                0.63896,                0.69977,                0.70579,                0.63045,                 1.1627,                  1.863,                 1.5943,             0.00013935,             0.00013935,             0.00013935
                    205,                 1.0305,                0.59995,                 1.5833,                0.63061,                0.72664,                0.72502,                0.64579,                 1.1584,                 1.8545,                 1.5908,             0.00013889,             0.00013889,             0.00013889
                    206,                 1.0132,                0.63245,                 1.5841,                0.69851,                0.60818,                0.70548,                0.63119,                 1.1577,                 1.8381,                 1.5951,             0.00013843,             0.00013843,             0.00013843
                    207,                0.99658,                0.60924,                  1.576,                0.69017,                0.59084,                0.67173,                0.60274,                 1.1717,                 1.9599,                 1.5951,             0.00013796,             0.00013796,             0.00013796
                    208,                 1.0366,                 0.6244,                 1.5946,                0.58141,                0.64095,                0.66524,                0.59325,                 1.1654,                 1.9949,                 1.5951,              0.0001375,              0.0001375,              0.0001375
                    209,                 1.0063,                0.58598,                 1.5797,                0.59982,                0.67782,                0.68738,                0.61431,                 1.1562,                 1.7484,                 1.5897,             0.00013704,             0.00013704,             0.00013704
                    210,                0.98748,                0.58042,                 1.5831,                0.65209,                0.64747,                0.70878,                0.63375,                 1.1621,                 1.8381,                 1.5922,             0.00013658,             0.00013658,             0.00013658
                    211,                0.98603,                0.58049,                 1.5732,                0.63574,                0.62902,                0.66314,                0.58934,                 1.1695,                 1.9283,                 1.5953,             0.00013612,             0.00013612,             0.00013612
                    212,                 1.0724,                0.63555,                 1.5645,                0.61313,                0.64378,                0.66556,                0.59348,                 1.1195,                 1.7902,                 1.5899,             0.00013566,             0.00013566,             0.00013566
                    213,                0.97242,                0.59937,                 1.5704,                0.75427,                0.56609,                0.68603,                0.61442,                 1.1419,                 1.8735,                  1.592,              0.0001352,              0.0001352,              0.0001352
                    214,                   1.01,                0.64382,                 1.5847,                0.81399,                0.57737,                0.69646,                0.62209,                 1.1543,                 1.9211,                 1.5956,             0.00013473,             0.00013473,             0.00013473
                    215,                0.96542,                0.57145,                 1.5796,                0.65911,                0.71168,                0.71664,                0.64365,                 1.1662,                 1.7044,                 1.5974,             0.00013427,             0.00013427,             0.00013427
                    216,                 1.0064,                0.59761,                 1.5751,                0.66749,                0.72342,                0.72924,                0.65023,                 1.1873,                 1.7451,                 1.5976,             0.00013381,             0.00013381,             0.00013381
                    217,                0.99994,                0.59571,                 1.5872,                0.74512,                0.68212,                0.73423,                0.65258,                 1.1699,                 1.8662,                 1.5984,             0.00013335,             0.00013335,             0.00013335
                    218,                0.96693,                0.56802,                 1.5832,                0.71449,                0.65391,                0.68466,                0.60364,                 1.1986,                 1.8869,                 1.6036,             0.00013289,             0.00013289,             0.00013289
                    219,                0.97983,                0.55139,                 1.5813,                0.68568,                0.68382,                0.68828,                0.61112,                 1.1797,                 1.8938,                  1.599,             0.00013243,             0.00013243,             0.00013243
                    220,                 1.0057,                0.57299,                 1.5829,                0.67163,                0.65167,                0.72226,                0.64166,                 1.1759,                 1.8362,                  1.598,             0.00013197,             0.00013197,             0.00013197
                    221,                0.99923,                0.58459,                 1.6016,                0.75655,                 0.6526,                0.75605,                0.67154,                 1.1709,                 1.7106,                 1.5974,             0.00013151,             0.00013151,             0.00013151
                    222,                 1.0232,                0.60251,                 1.5837,                0.67523,                0.74683,                0.73047,                0.64827,                 1.1583,                 1.7178,                 1.5969,             0.00013104,             0.00013104,             0.00013104
                    223,                 1.0358,                0.63696,                 1.5955,                0.66289,                0.74339,                0.71152,                0.63148,                 1.1871,                 1.7392,                 1.5929,             0.00013058,             0.00013058,             0.00013058
                    224,                0.99585,                0.56542,                 1.5921,                0.61743,                0.72296,                0.72344,                0.64795,                 1.1607,                 1.6964,                 1.5898,             0.00013012,             0.00013012,             0.00013012
                    225,                 0.9981,                0.65209,                 1.5858,                0.78943,                0.59834,                0.72538,                0.64553,                 1.1692,                 1.7132,                 1.5939,             0.00012966,             0.00012966,             0.00012966
                    226,                0.96283,                0.57656,                 1.5844,                0.76238,                0.60435,                 0.7449,                0.65714,                 1.1666,                 1.7883,                  1.593,              0.0001292,              0.0001292,              0.0001292
                    227,                 1.0132,                0.62269,                 1.5892,                0.63801,                0.68558,                0.73566,                0.65631,                 1.1618,                 1.8448,                 1.5948,             0.00012874,             0.00012874,             0.00012874
                    228,                0.97183,                0.59159,                 1.5949,                0.56782,                0.66701,                 0.7094,                0.63251,                 1.1591,                 1.9219,                 1.5933,             0.00012828,             0.00012828,             0.00012828
                    229,                0.96561,                0.62043,                 1.5979,                0.63748,                0.68296,                0.73023,                0.64571,                 1.1785,                 1.7028,                 1.5946,             0.00012781,             0.00012781,             0.00012781
                    230,                 1.0028,                0.58351,                 1.5864,                0.67351,                0.66961,                0.70528,                0.62486,                 1.1657,                  1.935,                 1.5947,             0.00012735,             0.00012735,             0.00012735
                    231,                0.98837,                0.58811,                  1.576,                0.64294,                0.68294,                0.69767,                0.61514,                 1.2008,                  2.036,                 1.5999,             0.00012689,             0.00012689,             0.00012689
                    232,                0.98041,                0.57792,                  1.583,                 0.6109,                0.72566,                0.73277,                0.65342,                 1.1804,                 1.9017,                 1.5953,             0.00012643,             0.00012643,             0.00012643
                    233,                  1.007,                0.58597,                 1.5801,                0.56583,                0.67063,                0.72022,                0.64121,                 1.1722,                  1.806,                 1.5963,             0.00012597,             0.00012597,             0.00012597
                    234,                0.98042,                0.59281,                 1.5676,                0.61731,                0.72657,                0.73381,                0.65297,                 1.1732,                 1.8956,                 1.6008,             0.00012551,             0.00012551,             0.00012551
                    235,                0.98534,                0.57955,                 1.5779,                0.62968,                0.73281,                0.71106,                0.62943,                 1.1739,                  1.866,                 1.5947,             0.00012505,             0.00012505,             0.00012505
                    236,                0.95187,                0.55201,                 1.5781,                0.63812,                0.72964,                0.70655,                0.62803,                 1.1655,                 1.8857,                 1.5952,             0.00012459,             0.00012459,             0.00012459
                    237,                 1.0089,                0.56866,                 1.5801,                0.60361,                 0.7617,                0.72855,                0.64503,                 1.1924,                 1.7952,                  1.599,             0.00012412,             0.00012412,             0.00012412
                    238,                0.98048,                0.56654,                  1.574,                0.70614,                0.68657,                0.74162,                0.65966,                 1.1719,                 1.8745,                 1.5987,             0.00012366,             0.00012366,             0.00012366
                    239,                0.98325,                0.57392,                 1.5892,                0.64707,                0.72718,                0.71416,                0.63221,                 1.1423,                 1.9027,                 1.5941,              0.0001232,              0.0001232,              0.0001232
